character,text,text_ru
YODA,"The very Republic is threatened, if involved the Sith are.","Сама Республика находится под угрозой, если в этом замешаны ситы."
YODA,"Hard to see, the dark side is. Discover who this assassin is, we must.","Сложно видеть, темная сторона в том, что мы должны раскрыть, кто этот убийца."
YODA,"With this Naboo queen you must stay, Qui-Gon. Protect her.","С этой королевой Набу ты должен остаться, Кви-Гон."
YODA,May the Force be with you.,Пусть Силы будут с вами.
YODA,(Cont'd) Master Qui-Gon more to say have you?,"Хозяин Кви-Гон сказал, что вы?"
YODA,"A vergence, you say?","Вы говорите, что он на грани?"
YODA,But you do! Rrevealed your opinion is.,"Но ты думаешь, что так оно и есть."
YODA,"Trained as a Jedi, you request for him?","Ты тренировался как джедай, ты просил его?"
YODA,Tested he will be.,"Проверил, что он будет."
YODA,"Good, good, young one. How feel you?","Хорошо, молодец, как ты себя чувствуешь?"
YODA,Afraid are you?,Боишься?
YODA,"See through you, we can.","Увидимся через тебя, мы можем."
YODA,Afraid to lose her..I think.,Боюсь потерять её... я думаю.
YODA,Eveything. Fear is the path to the dark side... fear leads to anger... anger leads to hate.. hate leads to suffering.,Страх - это путь к темной стороне... страх ведет к гневу... гнев ведет к ненависти... ненависть ведет к страданиям.
YODA,"A Jedi must have the deepest commitment, the most serious mind. I sense much fear in you.","У джедаев должны быть самые глубокие обязательства, самые серьезные мысли."
YODA,"Then continue, we will.",Тогда продолжим.
YODA,"...Correct you were, Qui-Gon.","...Так и есть, Кви-Гон."
YODA,"Clouded, this boy's future is. Masked by his youth.","Замкнутый, будущее этого мальчика в маске его юности."
YODA,"An apprentice, you have, Qui-Gon. Impossible, to take on a second.","Ученик, у тебя есть, Кви-Гон, не может занять секунду."
YODA,"Ready so early, are you? What know you of ready?","Так рано, что ты знаешь о готовности?"
YODA,"Our own council we will keep on who is ready. More to learn, he has...","Наш собственный совет, мы будем держаться подальше от того, кто готов."
YODA,And draw out the Queen's attacker.,И вычислите нападавшего королевы.
YODA,Young Skywalker's fate will be decided later.,Судьба Юного Скайуокера будет определена позже.
YODA,"Train him not. Take him with you, but train him not!","Возьми его с собой, но не тренируй его!"
YODA,"Confer on you, the level of Jedi Knight the Coucil does. But agree on you taking this boy as your Padawan learner, I do not.","Признайся тебе, рыцарь джедай, но соглашайся с тем, что этот парень будет твоим учителем Падавана, а я нет."
YODA,"The Chosen One the boy may be; nevertheless, grave danger I fear in his training.","Избранный может быть мальчиком; тем не менее, я боюсь серьезной опасности в его обучении."
YODA,"Qui-Gon's defiance I sense in you. Need that, you do not. Agree, the council does. Your apprentice, young Skywalker will be.","Я чувствую в тебе неповиновение Кви-Гона, нужно, чтобы ты этого не делал. Согласен, совет знает. Твой ученик, молодой Скайуокер будет."
YODA,Always two there are....no more...no less. A master and an apprentice.,Всегда есть двое... не больше... не меньше... мастера и ученика.
YODA,Premonitions . . . premonitions . . . Hmmmm . . . these visions you have . . .,Предчувствия . . . . . . . . . . . . . . . . . . эти видения . . . . . . . . . . . . . . . . . . . . . . . . . . . . . . . . . . . . . . . . . . . . . . . . . . . . . . . . . .
YODA,"Yourself you speak of, or someone you know?","Ты говоришь о себе или о ком-то, кого ты знаешь?"
YODA,. . . close to you?,..близка с тобой?
YODA,"Careful you must be when sensing the future, Anakin. The fear of loss is a path to the dark side.","Осторожно, Энакин, когда ты чувствуешь будущее, страх потери - это путь к темной стороне."
YODA,"Death is a natural part of life. Rejoice for those around you who transform into the Force. Mourn them, do not. Miss them, do not. Attachment leads to jealousy. The shadow of greed, that is.","Смерть - это естественная часть жизни. Радуйся тем, кто вокруг тебя превращается в Силу. Пожирай их, не скучай по ним. Привязь ведет к ревности, тень жадности, то есть."
YODA,Train yourself to let go of everything you fear to lose.,"Тренируйся, чтобы отпустить все, что ты боишься потерять."
YODA,"Allow this appointment lightly, the Council does not. Disturbing is this move by Chancellor Palpatine.","Позволь мне, чтобы это назначение было легким, но Совет этого не делает."
YODA,"Hiding in the Outer Rim, Grievous is. The outlying systems, you must sweep.","Прячешься в Внешнем Крыльце, Гривус."
YODA,"Master Kenobi, our spies contact, you must, and then wait.","Мастер Кеноби, наши шпионы свяжутся с вами, а потом подождите."
YODA,"Go, I will. Good relations with the Wookiees, I have.",У меня были хорошие отношения с вуки.
YODA,"Too much under the sway of the Chancellor, he is. Much anger there is in him. Too much pride in his powers.","Слишком сильно под влиянием канцлера, очень много гнева в нем, слишком много гордости за его силы."
YODA,A prophecy . . . that misread could have been.,"Пророчество, которое могло быть неверно истолковано."
YODA,"I hope right you are. And now destroy the Droid armies on Kashyyyk, I will. May the Force be with you.","Надеюсь, вы правы, а теперь разрушьте армии дроидов на Кашийке, я сделаю это."
YODA,"Act on this, we must. The capture of General Grievous will end this war. Quickly and decisively we should proceed.","Мы должны принять меры, чтобы захват генерала Гривуса положил конец этой войне."
YODA,"A Master is needed, with more experience.","Нужен Мастер, с большим опытом."
YODA,"Obi-Wan, my choice is.","Оби-Ван, мой выбор."
YODA,I agree.,Я согласен.
YODA,"Then now the time is, Commander.","Тогда время пришло, коммандер."
YODA,To a dark place this line of thought will carry us. Hmmmmm. . . . great care we must take.,"В темное место эта линия мысли принесет нам большую заботу, которую мы должны принять."
YODA,"Stink, this mud does. A moment to bathe, give me.","Вонючая, эта грязь, дай мне ванну."
YODA,"(continuing) Not far, are we, from the emergency ship. Quickly . . .",Недалеко от корабля скорой помощи.
YODA,"Good-bye. Chewbacca and Tarfful, miss you I will. Good friends you are. For your help, much gratitude and respect, I have.","До свидания, Чьюбакка и Тарфул, я буду скучать по тебе."
YODA,"Master Kenobi, dark times are these. Good to see you. it is.","Мастер Кеноби, это тёмные времена."
YODA,"With the help of the Wookiees, barely escape, I did.","С помощью вуки, едва сбежавших, я сбежал."
YODA,"Heard from no one, have we.","Никто не слышал, не так ли?"
YODA,"Received a coded retreat message, we have.",Мы получили закодированное сообщение об отступлении.
YODA,"Suggest dismantling the coded signal, do you?","Предлагаешь демонтировать закодированный сигнал, да?"
YODA,I agree. In a dark place we find ourselves ... a little more knowledge might light our way.,"Согласен, в темном месте мы находим себя... немного больше знаний может пролить свет на наш путь."
YODA,"If a special session of Congress there is, easier for us to enter the Jedi Temple it will be.","Если будет специальная сессия Конгресса, нам будет легче войти в храм джедаев."
YODA,"Dismantle the coded signal quickly. That group back there, soon discovered will be.",Отключите закодированный сигнал быстро.
YODA,"Killed not by clones, this Padawan. By a lightsaber, he was.","Убит не клонами, этот Падаван, а светильником."
YODA,"Good . . . For the Clones to discover the recalibration, a long time it will take. To change it back, longer still. Hurry.","Хорошо.. ..что Клоны обнаружат перекалибрацию, это займет много времени."
YODA,"If into the security recordings you go, only pain will you find.","Если вы попадете в записи с камер наблюдения, вы найдете только боль."
YODA,"Destroy the Sith, we must.","Уничтожить ситов, мы должны."
YODA,"To fight this Lord Sidious, strong enough, you are not.","Чтобы сражаться с этим лордом Сидиусом, достаточно сильным, ты не сражаешься."
YODA,"Twisted by the dark side, young Skywalker has become. The boy you trained, gone he is . . . Consumed by Darth Vader.","Поврежденный темной стороной, молодой Скайуокер стал мальчиком, которого вы тренировали, он ..украшен Дартом Вейдером."
YODA,"To question, no time there is.","Сомневаюсь, что у нас нет времени."
YODA,"Use your feelings, Obi-Wan, and find him, you will. Visit the new Emperor, my task is. May the Force be with you.","Воспользуйся своими чувствами, Оби-Ван, и найди его."
YODA,"I hear a new apprentice, you have. Emperor, or should I call you Darth Sidious.","Я слышу нового ученика, у тебя есть Император, или мне следует называть тебя Дарт Сидиус."
YODA,Surprised?,Удивлена?
YODA,"Not if anything I have to say about it, Lord Sidious.","Нет, если я что-то скажу об этом, лорд Сидиус."
YODA,"(continuing) At an end your rule is and not short enough it was, I must say.","(Постоянно) В конце концов, ваше правление было и не было достаточно коротким, я должен сказать."
YODA,"(continuing) If so powerful you are, why leave??","Если ты настолько могущественна, зачем уезжать?"
YODA,"Faith in your new apprentice, misplaced may be, as is your faith in the dark side of the Force.","Вера в вашего нового ученика, может быть, неуместна, как и ваша вера в темную сторону Сил."
YODA,"Destroy you I will, just as Master Kenobi, your apprentice will destroy.","Уничтожу вас, как и мастера Кеноби, вашего ученика."
YODA,Hurry. Careful timing we will need.,"Быстрее, нам нужно время."
YODA,"Into exile I must go. Failed, I have.",В изгнание я должен уехать.
YODA,"Failed to stop the Sith Lord, I have. Still much to learn, there is ...","Я не смог остановить Ситха Лорда, но все еще многому нужно научиться, есть..."
YODA,Eternal consciousness.,Вечное сознание.
YODA,". . . to become one with the Force, and influence still have . . . A power greater than all, it is.","..чтобы стать единым с Силой, и влияние все еще имеет... ..силу больше, чем все."
YODA,"A great Jedi Master, you have become, Qui-Gon Jinn. Your apprentice I gratefully become.","Великий джедай Мастер, ты стал Кви-Гон Джинн, твоим учеником я с благодарностью стал."
YODA,"Save them, we must. They are our last hope.","Спаси их, мы должны, это наша последняя надежда."
YODA,"Pregnant, she must still appear. Hidden, safe, the children must be kept.","Беременная, она все еще должна появиться, спрятанная, в безопасности, дети должны быть оставлены."
YODA,"Split up, they should be.","Разделяйтесь, они должны быть."
YODA,"To Tatooine. To his family, send him.","В Татуин, к своей семье, отправь его."
YODA,"Strong the Force runs, in the Skywalker line. Hope, we can . . . Done, it is. Until the time is right, disappear we will.","Силовые бегут по линии Скайуокер, надеюсь, мы можем... ..пока не наступит время, исчезнем мы"
YODA,"(continuing) Master Kenobi, wait a moment. In your solitude on Tatooine, training I have for you.","Мастер Кеноби, подождите минутку, в вашем одиночестве на Татуине, тренировка у меня для вас."
YODA,An old friend has learned the path to immortality.,Старый друг узнал путь к бессмертию.
YODA,"One who has returned from the netherworld of the Force to train me . . . your old Master, Qui-Gon Jinn.","Тот, кто вернулся из ниоткуда от Сил, чтобы обучить меня вашему старому Мастеру, Кви-Гону Джинну."
YODA,"The secret of the Ancient Order of the Whills, he studied. How to commune with him. I will teach you.","Секрет Ордена Древних Холмов, он изучал, как общаться с ним, я научу тебя."
YODA,"How to join the Force, he will train you. Your consciousness you will retain, when one with the Force. Even your physical self, perhaps.","Как вступить в Силу, он тебя обучит, ты сохранишь сознание, когда ты будешь с Силой, даже физическое я, возможно."
YODA,Hmm. That face you make. Look I so old to young eyes?,"Посмотри, как я стара для молодых глаз?"
YODA,"Soon will I rest. Yes, forever sleep. Earned it, I have.",Скоро я отдохну.
YODA,Strong am I with the Force... but not that strong! Twilight is upon me,"Я сильна с Силой, но не настолько сильна!"
YODA,No more training do you require. Already know you that which you need.,"Больше никаких тренировок, которые вам нужны."
YODA,Mmm... rest I need. Yes... rest.,"Отдыхай, мне нужен."
YODA,Your father he is.,Твой отец.
YODA,"Told you, did he?","Говорил же, да?"
YODA,"Unexpected this is, and unfortunate...","Неожиданно это, и несчастный..."
YODA,"Remember, a Jedi's strength flows from the Force.  But beware.  Anger,","Помните, сила джедаев исходит из Сил, но будьте осторожны."
YODA,"Luke...Luke...Do not...Do not underestimate the powers of the Emperor,","Люк... Люк... не надо недооценивать силу императора,"
